{
  "app/__init__.py": 1777565817.7919202,
  "app/pipeline/runner.py": 1779028528.2620544,
  "app/pipeline/__init__.py": 1777565817.7923677,
  "app/context/validator.py": 1777565817.7930844,
  "app/context/aggregator.py": 1777565817.7933447,
  "app/context/__init__.py": 1777565817.7933857,
  "app/context/builder.py": 1777565817.793554,
  "app/context/normalizer.py": 1777565817.7938323,
  "app/analysis/feature_extraction_agent.py": 1778831357.1424568,
  "app/analysis/feature_interpretation_agent.py": 1777838799.8234696,
  "app/analysis/functional_requirement_generator.py": 1778822762.58168,
  "app/analysis/business_understanding_agent.py": 1777838884.644771,
  "app/analysis/non_functional_requirement_generator.py": 1777839024.266476,
  "app/analysis/archetype_loader.py": 1778993978.915219,
  "app/analysis/brd_fix_loop.py": 1779028892.1642225,
  "app/analysis/product_understanding_agent.py": 1779028775.651078,
  "app/analysis/brd_enrichment_agent.py": 1779028813.549962,
  "app/analysis/__init__.py": 1777817837.439246,
  "app/analysis/payload_converter.py": 1777817884.2018187,
  "app/analysis/document_generator.py": 1777839487.902896,
  "app/analysis/brd_validator.py": 1779028872.666451,
  "app/analysis/feature_validator.py": 1777819995.8205435,
  "app/analysis/fix_loop.py": 1777839307.584496,
  "app/analysis/brd_composer.py": 1779028672.8633063,
  "app/tests/test_brd_grounding.py": 1779028986.5973153,
  "app/tests/__init__.py": 1777565817.793888,
  "app/tests/test_llm_client.py": 1778824398.25116,
  "app/tests/test_pipeline.py": 1777565817.7941048,
  "app/output/final_output_builder.py": 1777565817.7943153,
  "app/output/__init__.py": 1777565817.7943552,
  "app/utils/__init__.py": 1777565817.794404,
  "app/utils/llm_enrichment.py": 1778831600.140666,
  "app/utils/llm_client.py": 1778824388.2419844,
  "app/schemas/models.py": 1779028489.5843396,
  "app/schemas/__init__.py": 1777565817.794555,
  "app/eca/content_processor.py": 1777565817.7949057,
  "app/eca/file_classifier.py": 1778819635.4437811,
  "app/eca/evidence_manifest.py": 1779028464.2655902,
  "app/eca/api_extractor.py": 1778576434.3619041,
  "app/eca/repo_context_builder.py": 1778993428.556099,
  "app/eca/defect_extractor.py": 1778576434.3620036,
  "app/eca/__init__.py": 1777565817.7953577,
  "app/eca/extractor.py": 1778819609.913864,
  "app/eca/dependency_extractor.py": 1778576434.3621035,
  "app/eca/entity_extractor.py": 1778576434.3621993,
  "app/eca/language_loader.py": 1778819592.7730107,
  "app/eca/repo_scanner.py": 1778819661.8630788,
  "app/api/__init__.py": 1777567962.563331,
  "app/api/main.py": 1778586394.9836347,
  "app/validation/__init__.py": 1777565817.7960472,
  "requirements.txt": 1777839804.0126865,
  "progress.md": 1777562746.362897,
  "task_plan.md": 1777562741.8084443,
  "itemae_brd_dump.txt": 1778576434.3632379,
  "README.md": 1778823362.3870423,
  "Analyst_Agent_Full_Context.md": 1777537705.694199,
  "findings.md": 1777562742.8054087,
  "gemini.md": 1777562860.6208408,
  "Analyst_Agent_PRD_v3.md": 1777537302.961032,
  "Agents.md": 1778994665.0942507,
  "architecture/pipeline_sop.md": 1777817946.917021,
  "architecture/technical_overview.md": 1777610300.6092076,
  "architecture/BRD.md": 1777817316.9700115
}