{
  "app/__init__.py": 1777565817.7919202,
  "app/pipeline/runner.py": 1777836553.2380598,
  "app/pipeline/__init__.py": 1777565817.7923677,
  "app/context/validator.py": 1777565817.7930844,
  "app/context/aggregator.py": 1777565817.7933447,
  "app/context/__init__.py": 1777565817.7933857,
  "app/context/builder.py": 1777565817.793554,
  "app/context/normalizer.py": 1777565817.7938323,
  "app/analysis/feature_extraction_agent.py": 1777818144.0894313,
  "app/analysis/functional_requirement_generator.py": 1777820389.198573,
  "app/analysis/non_functional_requirement_generator.py": 1777823560.1262305,
  "app/analysis/brd_fix_loop.py": 1777824080.8523688,
  "app/analysis/product_understanding_agent.py": 1777820233.7330716,
  "app/analysis/__init__.py": 1777817837.439246,
  "app/analysis/payload_converter.py": 1777817884.2018187,
  "app/analysis/brd_validator.py": 1777824000.9749372,
  "app/analysis/feature_validator.py": 1777819995.8205435,
  "app/analysis/brd_composer.py": 1777823804.5927026,
  "app/tests/__init__.py": 1777565817.793888,
  "app/tests/test_pipeline.py": 1777565817.7941048,
  "app/output/final_output_builder.py": 1777565817.7943153,
  "app/output/__init__.py": 1777565817.7943552,
  "app/utils/__init__.py": 1777565817.794404,
  "app/schemas/models.py": 1777823979.594141,
  "app/schemas/__init__.py": 1777565817.794555,
  "app/eca/content_processor.py": 1777565817.7949057,
  "app/eca/file_classifier.py": 1777565817.7952871,
  "app/eca/__init__.py": 1777565817.7953577,
  "app/eca/extractor.py": 1777565817.7956502,
  "app/eca/repo_scanner.py": 1777825479.7359078,
  "app/api/__init__.py": 1777567962.563331,
  "app/api/main.py": 1777837141.7660751,
  "app/validation/__init__.py": 1777565817.7960472,
  "runtime/pipeline_out/runner_repo/main.py": 1777837498.4494793,
  "runtime/pipeline_out/runner_repo/config/config.py": 1777837498.4176652,
  "runtime/pipeline_out/runner_repo/config/__init__.py": 1777837498.4174216,
  "runtime/pipeline_out/runner_repo/credit_intelligence_dashboard/app.py": 1777837498.4178817,
  "runtime/pipeline_out/runner_repo/credit_intelligence_dashboard/config/config.py": 1777837498.4181767,
  "runtime/pipeline_out/runner_repo/credit_intelligence_dashboard/config/__init__.py": 1777837498.417963,
  "runtime/pipeline_out/runner_repo/credit_intelligence_dashboard/pages/1_Executive_Summary.py": 1777837498.421464,
  "runtime/pipeline_out/runner_repo/credit_intelligence_dashboard/pages/4_OD_Optimization.py": 1777837498.4216712,
  "runtime/pipeline_out/runner_repo/credit_intelligence_dashboard/pages/5_Interest_Strategy.py": 1777837498.4217482,
  "runtime/pipeline_out/runner_repo/credit_intelligence_dashboard/pages/3_Cluster_Insights.py": 1777837498.4216182,
  "runtime/pipeline_out/runner_repo/credit_intelligence_dashboard/pages/6_What_If_Simulator.py": 1777837498.42183,
  "runtime/pipeline_out/runner_repo/credit_intelligence_dashboard/pages/2_Risk_Analysis.py": 1777837498.421541,
  "runtime/pipeline_out/runner_repo/credit_intelligence_dashboard/src/simulation.py": 1777837498.422644,
  "runtime/pipeline_out/runner_repo/credit_intelligence_dashboard/src/scoring.py": 1777837498.4225397,
  "runtime/pipeline_out/runner_repo/credit_intelligence_dashboard/src/data_loader.py": 1777837498.4224355,
  "runtime/pipeline_out/runner_repo/credit_intelligence_dashboard/src/__init__.py": 1777837498.4219625,
  "runtime/pipeline_out/runner_repo/credit_intelligence_dashboard/src/utils.py": 1777837498.4227653,
  "runtime/pipeline_out/runner_repo/credit_intelligence_dashboard/src/styles.py": 1777837498.4227123,
  "runtime/pipeline_out/runner_repo/credit_intelligence_dashboard/src/model_loader.py": 1777837498.42249,
  "runtime/pipeline_out/runner_repo/credit_intelligence_dashboard/src/sector_analysis.py": 1777837498.422591,
  "runtime/pipeline_out/runner_repo/src/scaling.py": 1777837498.456391,
  "runtime/pipeline_out/runner_repo/src/feature_engineering.py": 1777837498.4560096,
  "runtime/pipeline_out/runner_repo/src/clustering.py": 1777837498.4558518,
  "runtime/pipeline_out/runner_repo/src/ann_risk_model.py": 1777837498.4558,
  "runtime/pipeline_out/runner_repo/src/interest_strategy.py": 1777837498.456064,
  "runtime/pipeline_out/runner_repo/src/pca_module.py": 1777837498.4561725,
  "runtime/pipeline_out/runner_repo/src/evaluation.py": 1777837498.455955,
  "runtime/pipeline_out/runner_repo/src/data_loader.py": 1777837498.4559064,
  "runtime/pipeline_out/runner_repo/src/__init__.py": 1777837498.4546986,
  "runtime/pipeline_out/runner_repo/src/visualization.py": 1777837498.4565578,
  "runtime/pipeline_out/runner_repo/src/preprocessing.py": 1777837498.4563339,
  "runtime/pipeline_out/runner_repo/src/pipeline.py": 1777837498.4562695,
  "runtime/pipeline_out/runner_repo/src/od_scoring.py": 1777837498.4561172,
  "runtime/pipeline_out/runner_repo/src/sector_analysis.py": 1777837498.4564455,
  "runtime/twitter_clone_brd/runner_repo/build.gradle.kts": 1777825499.3234944,